{"cameraMode":{"drawMode":0,"name":"Shaded","section":"Shading Mode"},"sceneLighting":true,"audioPlay":false,"sceneViewState":{"m_AlwaysRefresh":false,"showFog":true,"showSkybox":true,"showFlares":true,"showImageEffects":true,"showParticleSystems":true,"showVisualEffectGraphs":true,"m_FxEnabled":true},"in2DMode":false,"pivot":{"x":-2.7091050148010256,"y":0.5775046348571777,"z":-4.615922451019287},"rotation":{"x":0.08103200048208237,"y":0.7352265119552612,"z":-0.08932787925004959,"w":0.6670194864273071},"size":1.4989848136901856,"orthographic":true}