{"cameraMode":{"drawMode":0,"name":"Shaded","section":"Shading Mode"},"sceneLighting":true,"audioPlay":false,"sceneViewState":{"m_AlwaysRefresh":false,"showFog":true,"showSkybox":true,"showFlares":true,"showImageEffects":true,"showParticleSystems":true,"showVisualEffectGraphs":true,"m_FxEnabled":true},"in2DMode":false,"pivot":{"x":-0.07321133464574814,"y":0.3357572555541992,"z":-3.715874433517456},"rotation":{"x":-0.6390844583511353,"y":-0.0018481764709576965,"z":0.001535653369501233,"w":-0.7691329717636108},"size":3.8194048404693605,"orthographic":false}